[
  {
    "id": "8a5ca4ba-f333-4591-9f49-5c4d148f794c",
    "data": [
      {
        "text": "Check",
        "meta": "@sys.ignore",
        "userDefined": false
      },
      {
        "text": " ",
        "userDefined": false
      },
      {
        "text": "January 1",
        "alias": "date",
        "meta": "@sys.date",
        "userDefined": false
      },
      {
        "text": ".",
        "userDefined": false
      }
    ],
    "isTemplate": false,
    "count": 0,
    "updated": 1484231935
  },
  {
    "id": "5f935f5b-a158-43ca-8d02-0647e92dcfa2",
    "data": [
      {
        "text": "and ",
        "userDefined": false
      },
      {
        "text": "January 2",
        "alias": "date",
        "meta": "@sys.date",
        "userDefined": false
      }
    ],
    "isTemplate": false,
    "count": 0,
    "updated": 1484231935
  },
  {
    "id": "f50e7142-b2a9-4f52-ae2d-62955ad2f9a6",
    "data": [
      {
        "text": "check",
        "meta": "@sys.ignore",
        "userDefined": false
      },
      {
        "text": " ",
        "userDefined": false
      },
      {
        "text": "January 1",
        "alias": "date",
        "meta": "@sys.date",
        "userDefined": false
      },
      {
        "text": " too",
        "userDefined": false
      }
    ],
    "isTemplate": false,
    "count": 0,
    "updated": 1484231935
  },
  {
    "id": "45c8f3c4-1555-40be-a8d7-4db55541185f",
    "data": [
      {
        "text": "what about ",
        "userDefined": false
      },
      {
        "text": "December 30",
        "alias": "date",
        "meta": "@sys.date",
        "userDefined": false
      }
    ],
    "isTemplate": false,
    "count": 0,
    "updated": 1484231935
  }
]