[
  {
    "id": "d704be1e-2e36-48a5-9f81-2e6919b11c01",
    "data": [
      {
        "text": "and for savings",
        "userDefined": false
      }
    ],
    "isTemplate": false,
    "count": 0
  },
  {
    "id": "fa1c93ab-4466-407f-837d-358e1d249313",
    "data": [
      {
        "text": "how about ",
        "userDefined": false
      },
      {
        "text": "checking",
        "alias": "account",
        "meta": "@account",
        "userDefined": true
      }
    ],
    "isTemplate": false,
    "count": 0,
    "updated": 0
  },
  {
    "id": "69ba5b15-15e6-4f62-b0cb-3839487537ef",
    "data": [
      {
        "text": "and ",
        "userDefined": false
      },
      {
        "text": "savings",
        "alias": "account",
        "meta": "@account",
        "userDefined": true
      }
    ],
    "isTemplate": false,
    "count": 0,
    "updated": 0
  },
  {
    "id": "17d63963-d1b2-4240-bd59-c580596b6568",
    "data": [
      {
        "text": "can you check my ",
        "userDefined": false
      },
      {
        "text": "savings",
        "alias": "account",
        "meta": "@account",
        "userDefined": true
      },
      {
        "text": " as well",
        "userDefined": false
      }
    ],
    "isTemplate": false,
    "count": 0,
    "updated": 0
  },
  {
    "id": "dc75ed67-6ce1-4cbf-9bd9-36e799c3b184",
    "data": [
      {
        "text": "check ",
        "userDefined": false
      },
      {
        "text": "checking",
        "alias": "account",
        "meta": "@account",
        "userDefined": true
      },
      {
        "text": " too",
        "userDefined": false
      }
    ],
    "isTemplate": false,
    "count": 0,
    "updated": 1484837147
  }
]