[
  {
    "id": "01eb3ab3-61cb-4671-9995-5781516acd80",
    "data": [
      {
        "text": "and on ",
        "userDefined": false
      },
      {
        "text": "1/5/2017",
        "alias": "date",
        "meta": "@sys.date",
        "userDefined": false
      }
    ],
    "isTemplate": false,
    "count": 0,
    "updated": 1484231888
  },
  {
    "id": "90582ccc-d29f-48fe-9f3f-675bff988423",
    "data": [
      {
        "text": "Check",
        "meta": "@sys.ignore",
        "userDefined": false
      },
      {
        "text": " ",
        "userDefined": false
      },
      {
        "text": "January 1",
        "alias": "date",
        "meta": "@sys.date",
        "userDefined": false
      },
      {
        "text": ".",
        "userDefined": false
      }
    ],
    "isTemplate": false,
    "count": 0,
    "updated": 1484231888
  },
  {
    "id": "57d85b54-4c98-4ee2-92eb-ef7b5006475c",
    "data": [
      {
        "text": "what about ",
        "userDefined": false
      },
      {
        "text": "January 2, 2017",
        "alias": "date",
        "meta": "@sys.date",
        "userDefined": false
      }
    ],
    "isTemplate": false,
    "count": 0,
    "updated": 1484231888
  }
]