[
  {
    "id": "51ebdbaf-470f-4c0d-a90e-ba3eaa8403cb",
    "data": [
      {
        "text": "what are the steps for opening account",
        "userDefined": false
      }
    ],
    "isTemplate": false,
    "count": 0
  },
  {
    "id": "81664216-83ff-437f-9a85-3fa5868ed5e7",
    "data": [
      {
        "text": "account opening",
        "userDefined": false
      }
    ],
    "isTemplate": false,
    "count": 0
  },
  {
    "id": "05ea7c0e-9042-4065-954e-7edcd7b1f5b2",
    "data": [
      {
        "text": "open an account",
        "userDefined": false
      }
    ],
    "isTemplate": false,
    "count": 0
  },
  {
    "id": "36362e16-2940-43ab-9276-1cb56cbbe284",
    "data": [
      {
        "text": "I want to open an account",
        "userDefined": false
      }
    ],
    "isTemplate": false,
    "count": 0
  },
  {
    "id": "cc1fffef-9301-4c85-9a54-877f060496f1",
    "data": [
      {
        "text": "how do I open an account",
        "userDefined": false
      }
    ],
    "isTemplate": false,
    "count": 0
  }
]