[
  {
    "id": "5794f182-3818-4b07-a86e-1a87aff6a452",
    "data": [
      {
        "text": "hi",
        "userDefined": false
      }
    ],
    "isTemplate": false,
    "count": 0
  },
  {
    "id": "7028dbab-6bb2-4486-985f-e54f44a37d3a",
    "data": [
      {
        "text": "hello",
        "userDefined": false
      }
    ],
    "isTemplate": false,
    "count": 0
  },
  {
    "id": "e75a9b93-53a8-4586-a7e8-d662330018e6",
    "data": [
      {
        "text": "hey",
        "userDefined": false
      }
    ],
    "isTemplate": false,
    "count": 0
  },
  {
    "id": "4f2a48ce-a2ca-43d5-91c3-d4a2311ed80f",
    "data": [
      {
        "text": "what\u0027s up",
        "userDefined": false
      }
    ],
    "isTemplate": false,
    "count": 0
  }
]