[
  {
    "id": "5f652e90-87d4-4e5a-902e-4dc01b35048b",
    "data": [
      {
        "text": "where was my last ",
        "userDefined": false
      },
      {
        "text": "deposit",
        "alias": "type",
        "meta": "@transfer-type",
        "userDefined": true
      },
      {
        "text": " from",
        "userDefined": false
      }
    ],
    "isTemplate": false,
    "count": 0,
    "updated": 1484838280
  },
  {
    "id": "08b34f94-a56f-4ec4-a7e2-b722dbcb9f27",
    "data": [
      {
        "text": "who have I got the last ",
        "userDefined": false
      },
      {
        "text": "credit",
        "alias": "type",
        "meta": "@transfer-type",
        "userDefined": true
      },
      {
        "text": " from",
        "userDefined": false
      }
    ],
    "isTemplate": false,
    "count": 0,
    "updated": 1484838280
  },
  {
    "id": "b3c6cbc8-f736-4be1-93e1-698657957b07",
    "data": [
      {
        "text": "who sent me the last ",
        "userDefined": false
      },
      {
        "text": "credit",
        "alias": "type",
        "meta": "@transfer-type",
        "userDefined": true
      }
    ],
    "isTemplate": false,
    "count": 0,
    "updated": 1484838280
  },
  {
    "id": "13c769ec-eb9c-4940-aaf7-19ca2302a547",
    "data": [
      {
        "text": "who was my last ",
        "userDefined": false
      },
      {
        "text": "deposit",
        "alias": "type",
        "meta": "@transfer-type",
        "userDefined": true
      },
      {
        "text": " from",
        "userDefined": false
      }
    ],
    "isTemplate": false,
    "count": 0,
    "updated": 1484838280
  }
]