[
  {
    "value": "Burger King",
    "synonyms": [
      "Burger King"
    ]
  },
  {
    "value": "Marriot Paris",
    "synonyms": [
      "Marriot Paris"
    ]
  },
  {
    "value": "H\u0026M",
    "synonyms": [
      "H\u0026M"
    ]
  },
  {
    "value": "Amazon",
    "synonyms": [
      "Amazon"
    ]
  },
  {
    "value": "ARCO",
    "synonyms": [
      "ARCO"
    ]
  },
  {
    "value": "Shell",
    "synonyms": [
      "Shell"
    ]
  },
  {
    "value": "Marks \u0026 Spencer",
    "synonyms": [
      "Marks \u0026 Spencer"
    ]
  },
  {
    "value": "Acme Payroll",
    "synonyms": [
      "Acme Payroll"
    ]
  },
  {
    "value": "Belle Tire",
    "synonyms": [
      "Belle Tire"
    ]
  },
  {
    "value": "Hyatt London",
    "synonyms": [
      "Hyatt London"
    ]
  },
  {
    "value": "7-Eleven",
    "synonyms": [
      "7-Eleven"
    ]
  },
  {
    "value": "PG\u0026E",
    "synonyms": [
      "PG\u0026E"
    ]
  },
  {
    "value": "Papa John\u0027s Pizza",
    "synonyms": [
      "Papa John\u0027s Pizza"
    ]
  },
  {
    "value": "Starbucks",
    "synonyms": [
      "Starbucks"
    ]
  }
]